{
  "type": "minecraft:crafting_shapeless",
  "category": "misc",
  "ingredients": [
    {
      "item": "morexpitems:xp_ingot"
    },
    {
      "item": "minecraft:glass_bottle"
    },
    {
      "item": "minecraft:glass_bottle"
    },
    {
      "item": "minecraft:glass_bottle"
    },
    {
      "item": "minecraft:glass_bottle"
    },
    {
      "item": "minecraft:glass_bottle"
    },
    {
      "item": "minecraft:glass_bottle"
    },
    {
      "item": "minecraft:glass_bottle"
    },
    {
      "item": "minecraft:glass_bottle"
    }
  ],
  "result": {
    "id": "minecraft:experience_bottle",
    "count": 8
  }
}