{
  "display": {
    "icon": {
      "id": "morexpitems:xp_ingot_plus"
    },
    "title": {
      "translate": "advancements.it_updted.title"
    },
    "description": {
      "translate": "advancements.it_updted.descr"
    },
    "frame": "task",
    "show_toast": true,
    "announce_to_chat": true,
    "hidden": false
  },
  "criteria": {
    "it_updted_0": {
      "trigger": "minecraft:inventory_changed",
      "conditions": {
        "items": [
          {
            "items": [
              "morexpitems:xp_ingot_plus"
            ],
            "count": {
              "min": 1,
              "max": 64
            }
          }
        ]
      }
    }
  },
  "rewards": {
    "experience": 5,
    "recipes": [
      "morexpitems:xp_chest"
    ]
  },
  "parent": "morexpitems:magicfirst"
}