{
  "display": {
    "icon": {
      "id": "morexpitems:xp_armor_chestplate"
    },
    "title": {
      "translate": "advancements.tooldefull.title"
    },
    "description": {
      "translate": "advancements.tooldefull.descr"
    },
    "frame": "challenge",
    "show_toast": true,
    "announce_to_chat": true,
    "hidden": false
  },
  "criteria": {
    "tooldefull_0": {
      "trigger": "minecraft:inventory_changed",
      "conditions": {
        "items": [
          {
            "items": [
              "morexpitems:xp_armor_helmet"
            ],
            "count": {
              "min": 1,
              "max": 64
            }
          }
        ]
      }
    },
    "tooldefull_1": {
      "trigger": "minecraft:inventory_changed",
      "conditions": {
        "items": [
          {
            "items": [
              "morexpitems:xp_armor_chestplate"
            ],
            "count": {
              "min": 1,
              "max": 64
            }
          }
        ]
      }
    },
    "tooldefull_2": {
      "trigger": "minecraft:inventory_changed",
      "conditions": {
        "items": [
          {
            "items": [
              "morexpitems:xp_armor_leggings"
            ],
            "count": {
              "min": 1,
              "max": 64
            }
          }
        ]
      }
    },
    "tooldefull_3": {
      "trigger": "minecraft:inventory_changed",
      "conditions": {
        "items": [
          {
            "items": [
              "morexpitems:xp_armor_boots"
            ],
            "count": {
              "min": 1,
              "max": 64
            }
          }
        ]
      }
    }
  },
  "rewards": {
    "experience": 6
  },
  "parent": "morexpitems:it_updted"
}