{
  "_fv": 69,
  "_type": "achievement",
  "definition": {
    "achievementName": "高级存储",
    "achievementDescription": "这才叫存储",
    "achievementIcon": {
      "value": "CUSTOM:Xpchest"
    },
    "background": "Default",
    "disableDisplay": false,
    "showPopup": true,
    "announceToChat": true,
    "hideIfNotCompleted": false,
    "rewardLoot": [],
    "rewardRecipes": [],
    "rewardFunction": "No function",
    "rewardXP": 7,
    "achievementType": "challenge",
    "parent": {
      "value": "CUSTOM:Itupdted"
    },
    "triggerxml": "<xml xmlns=\"https://developers.google.com/blockly/xml\"><block type=\"advancement_trigger\" deletable=\"false\" x=\"40\" y=\"80\"><next><block type=\"item_in_inventory\"><value name=\"amount_l\"><block type=\"math_number\"><field name=\"NUM\">1</field></block></value><value name=\"amount_h\"><block type=\"math_number\"><field name=\"NUM\">64</field></block></value><value name=\"item\"><block type=\"mcitem_all\"><field name=\"value\">CUSTOM:Xpchest</field></block></value></block></next></block></xml>"
  }
}