{
  "_fv": 69,
  "_type": "recipe",
  "definition": {
    "recipeType": "Crafting",
    "recipeRetstackSize": 8,
    "group": "",
    "cookingBookCategory": "MISC",
    "xpReward": 0.0,
    "cookingTime": 200,
    "craftingBookCategory": "MISC",
    "recipeShapeless": true,
    "recipeSlots": [
      {
        "value": "CUSTOM:Xpingot"
      },
      {
        "value": "Items.GLASS_BOTTLE"
      },
      {
        "value": "Items.GLASS_BOTTLE"
      },
      {
        "value": "Items.GLASS_BOTTLE"
      },
      {
        "value": "Items.GLASS_BOTTLE"
      },
      {
        "value": "Items.GLASS_BOTTLE"
      },
      {
        "value": "Items.GLASS_BOTTLE"
      },
      {
        "value": "Items.GLASS_BOTTLE"
      },
      {
        "value": "Items.GLASS_BOTTLE"
      }
    ],
    "recipeReturnStack": {
      "value": "Items.EXPERIENCE_BOTTLE"
    },
    "name": "xpbottolfromingot",
    "namespace": "mod"
  }
}