{
  "_fv": 69,
  "_type": "gui",
  "definition": {
    "type": 1,
    "width": 176,
    "height": 166,
    "inventoryOffsetX": 0,
    "inventoryOffsetY": 0,
    "renderBgLayer": true,
    "doesPauseGame": false,
    "components": [
      {
        "type": "inputslot",
        "data": {
          "inputLimit": {
            "value": ""
          },
          "disablePlacement": {
            "fixedValue": false
          },
          "id": 0,
          "disablePickup": {
            "fixedValue": false
          },
          "dropItemsWhenNotBound": true,
          "onSlotChanged": {
            "name": "Xpchestbottletoxp"
          },
          "x": 151,
          "y": 62
        }
      },
      {
        "type": "outputslot",
        "data": {
          "id": 1,
          "disablePickup": {
            "fixedValue": false
          },
          "dropItemsWhenNotBound": true,
          "x": 258,
          "y": 62
        }
      },
      {
        "type": "label",
        "data": {
          "name": "label_jing_yan_cun_chu_qi",
          "text": {
            "fixedValue": "经验存储器"
          },
          "color": {
            "value": -12829636,
            "falpha": 0.0
          },
          "x": 199,
          "y": 44
        }
      },
      {
        "type": "button",
        "data": {
          "name": "button_ba_jing_yan_zhuan_wei_ping",
          "text": "     把经验转为瓶     ",
          "isUndecorated": true,
          "onClick": {
            "name": "Xpchestxptobottle"
          },
          "width": 106,
          "height": 20,
          "x": 162,
          "y": 86
        }
      }
    ],
    "onTick": {
      "name": "Xpchestbottletoxp"
    },
    "gridSettings": {
      "sx": 18,
      "sy": 18,
      "ox": 11,
      "oy": 15,
      "snapOnGrid": false
    }
  }
}